"scope","object","field_api_name","field_label","field_type","evidence"
"Application field used by application-process source","Application__c","A3EndDate__c","A3 End Date","DateTime","Apex, trigger, or Application-named Flow"
"Application field used by application-process source","Application__c","A3ProcessingTime__c","A3 Processing Time","Number","Apex, trigger, or Application-named Flow"
"Application field used by application-process source","Application__c","A3StartDate__c","A3 Start Date","DateTime","Apex, trigger, or Application-named Flow"
"Application field used by application-process source","Application__c","AccountInformation__c","Account Information","Text","Apex, trigger, or Application-named Flow"
"Application field used by application-process source","Application__c","ActiveInactiveFormula__c","Active Inactive Formula","Text","Apex, trigger, or Application-named Flow"
"Application field used by application-process source","Application__c","ActiveInactive__c","Active/Inactive","Picklist","Apex, trigger, or Application-named Flow"
"Application field used by application-process source","Application__c","AddDurationonButtons__c","Add Duration on Buttons","Checkbox","Apex, trigger, or Application-named Flow"
"Application field used by application-process source","Application__c","ApplicantNameText__c","Applicant Name","Text","Apex, trigger, or Application-named Flow"
"Application field used by application-process source","Application__c","ApplicantName__c","Applicant Name","Text","Apex, trigger, or Application-named Flow"
"Application field used by application-process source","Application__c","Applicant__c","Applicant","Lookup","Apex, trigger, or Application-named Flow"
"Application field used by application-process source","Application__c","ApplicationEffectiveDate__c","Application Effective Date","Date","Apex, trigger, or Application-named Flow"
"Application field used by application-process source","Application__c","ApplicationReceivedDate__c","Application Received Date","Date","Apex, trigger, or Application-named Flow"
"Application field used by application-process source","Application__c","ApplicationRenewingInactive__c","Application Renewing Inactive?","Checkbox","Apex, trigger, or Application-named Flow"
"Application field used by application-process source","Application__c","ApplicationRespondbyDate__c","Application Respond by Date","Date","Apex, trigger, or Application-named Flow"
"Application field used by application-process source","Application__c","ApplyforTemporaryPermit__c","Apply for Temporary Permit","Checkbox","Apex, trigger, or Application-named Flow"
"Application field used by application-process source","Application__c","ApprovedforLicensureDate__c","Approved for Licensure Date","Date","Apex, trigger, or Application-named Flow"
"Application field used by application-process source","Application__c","Autonumber__c","Autonumber","AutoNumber","Apex, trigger, or Application-named Flow"
"Application field used by application-process source","Application__c","BoardProgramName__c","Board Program Name","Text","Apex, trigger, or Application-named Flow"
"Application field used by application-process source","Application__c","BondWaiver__c","Bond Waiver","Checkbox","Apex, trigger, or Application-named Flow"
"Application field used by application-process source","Application__c","BouncedCheckAmountDue__c","Bounced Check Amount Due","Currency","Apex, trigger, or Application-named Flow"
"Application field used by application-process source","Application__c","BouncedCheckDueDate__c","Bounced Check Due Date","Date","Apex, trigger, or Application-named Flow"
"Application field used by application-process source","Application__c","BouncedCheckMaintenanceType__c","Bounced Check Maintenance Type","Text","Apex, trigger, or Application-named Flow"
"Application field used by application-process source","Application__c","BouncedCheckonNewLicense__c","Bounced Check","Checkbox","Apex, trigger, or Application-named Flow"
"Application field used by application-process source","Application__c","BusinessAddressEffectiveDate__c","Business Address Effective Date","Date","Apex, trigger, or Application-named Flow"
"Application field used by application-process source","Application__c","BusinessCity__c","Business City","Text","Apex, trigger, or Application-named Flow"
"Application field used by application-process source","Application__c","BusinessCountry__c","Business Country","Picklist","Apex, trigger, or Application-named Flow"
"Application field used by application-process source","Application__c","BusinessState__c","Business State","Picklist","Apex, trigger, or Application-named Flow"
"Application field used by application-process source","Application__c","BusinessStreet__c","Business Street","TextArea","Apex, trigger, or Application-named Flow"
"Application field used by application-process source","Application__c","BusinessZipCode__c","Business Zip Code","Text","Apex, trigger, or Application-named Flow"
"Application field used by application-process source","Application__c","CC_Applicant_Phone__c","Applicant Phone","Phone","Apex, trigger, or Application-named Flow"
"Application field used by application-process source","Application__c","CEisConfirmed__c","CE is Confirmed","Checkbox","Apex, trigger, or Application-named Flow"
"Application field used by application-process source","Application__c","CheckoutFormVersion__c","Checkout Form Version","Text","Apex, trigger, or Application-named Flow"
"Application field used by application-process source","Application__c","CompleteApplicationBy__c","Complete Application By","Date","Apex, trigger, or Application-named Flow"
"Application field used by application-process source","Application__c","CompleteExamBy__c","Complete Exam By","Date","Apex, trigger, or Application-named Flow"
"Application field used by application-process source","Application__c","CurrentLicenseYear__c","Current License Year","Text","Apex, trigger, or Application-named Flow"
"Application field used by application-process source","Application__c","CurrentLicense__c","Current License","Lookup","Apex, trigger, or Application-named Flow"
"Application field used by application-process source","Application__c","D2CEisRequired__c","D2 CE is Required","Checkbox","Apex, trigger, or Application-named Flow"
"Application field used by application-process source","Application__c","DateofDegree__c","Date of Degree","Date","Apex, trigger, or Application-named Flow"
"Application field used by application-process source","Application__c","DateofLicensure__c","Date of Licensure","Date","Apex, trigger, or Application-named Flow"
"Application field used by application-process source","Application__c","DeficiencyDueDate__c","Deficiency Due Date","Date","Apex, trigger, or Application-named Flow"
"Application field used by application-process source","Application__c","Degree__c","Degree","Picklist","Apex, trigger, or Application-named Flow"
"Application field used by application-process source","Application__c","DependencyMessage__c","Dependency Message","Checkbox","Apex, trigger, or Application-named Flow"
"Application field used by application-process source","Application__c","DependencyRequired__c","Dependency Required","Checkbox","Apex, trigger, or Application-named Flow"
"Application field used by application-process source","Application__c","DependentApplication__c","Dependent Application","Lookup","Apex, trigger, or Application-named Flow"
"Application field used by application-process source","Application__c","DependentApplicationsCurrentLicense__c","Dependent Application's Current License","Text","Apex, trigger, or Application-named Flow"
"Application field used by application-process source","Application__c","DependentLicense2__c","Dependent License 2","Lookup","Apex, trigger, or Application-named Flow"
"Application field used by application-process source","Application__c","DependentLicenseNote__c","Note","Text","Apex, trigger, or Application-named Flow"
"Application field used by application-process source","Application__c","DependentLicenseStatus__c","Dependent License Status","Text","Apex, trigger, or Application-named Flow"
"Application field used by application-process source","Application__c","DependentLicenseType__c","Dependent License Type","Text","Apex, trigger, or Application-named Flow"
"Application field used by application-process source","Application__c","DependentLicense__c","Dependent License","Lookup","Apex, trigger, or Application-named Flow"
"Application field used by application-process source","Application__c","DependentLicensee__c","Dependent Licensee","Text","Apex, trigger, or Application-named Flow"
"Application field used by application-process source","Application__c","DependentNotificationEmail__c","Dependent Notification Email","Text","Apex, trigger, or Application-named Flow"
"Application field used by application-process source","Application__c","DocGenSettingFormula__c","Doc Gen Setting Formula","Text","Apex, trigger, or Application-named Flow"
"Application field used by application-process source","Application__c","DraftApplication__c","Draft Application","Lookup","Apex, trigger, or Application-named Flow"
"Application field used by application-process source","Application__c","EducationCity__c","Education City","Text","Apex, trigger, or Application-named Flow"
"Application field used by application-process source","Application__c","EducationCountry__c","Education Country","Text","Apex, trigger, or Application-named Flow"
"Application field used by application-process source","Application__c","EducationCounty__c","Education County","Text","Apex, trigger, or Application-named Flow"
"Application field used by application-process source","Application__c","EducationEndDate2__c","Education End Date","Text","Apex, trigger, or Application-named Flow"
"Application field used by application-process source","Application__c","EducationStartDate2__c","Education Start Date","Text","Apex, trigger, or Application-named Flow"
"Application field used by application-process source","Application__c","EducationState__c","Education State","Text","Apex, trigger, or Application-named Flow"
"Application field used by application-process source","Application__c","EducationZipcode__c","Education Zipcode","Text","Apex, trigger, or Application-named Flow"
"Application field used by application-process source","Application__c","EffectiveDate__c","Effective Date","Date","Apex, trigger, or Application-named Flow"
"Application field used by application-process source","Application__c","EmployerAddressEffectiveDate__c","Employer Address Effective Date","Date","Apex, trigger, or Application-named Flow"
"Application field used by application-process source","Application__c","EmployerCity__c","Employer City","Text","Apex, trigger, or Application-named Flow"
"Application field used by application-process source","Application__c","EmployerCountry__c","Employer Country","Picklist","Apex, trigger, or Application-named Flow"
"Application field used by application-process source","Application__c","EmployerName__c","Employer Name","Text","Apex, trigger, or Application-named Flow"
"Application field used by application-process source","Application__c","EmployerState__c","Employer State","Picklist","Apex, trigger, or Application-named Flow"
"Application field used by application-process source","Application__c","EmployerStreet__c","Employer Street","TextArea","Apex, trigger, or Application-named Flow"
"Application field used by application-process source","Application__c","EmployerZipCode__c","Employer Zip Code","Text","Apex, trigger, or Application-named Flow"
"Application field used by application-process source","Application__c","FEIN__c","FEIN","Text","Apex, trigger, or Application-named Flow"
"Application field used by application-process source","Application__c","FileEngines__c","File Engines","Text","Apex, trigger, or Application-named Flow"
"Application field used by application-process source","Application__c","FranchiseAgreements__c","Franchise Agreements","Number","Apex, trigger, or Application-named Flow"
"Application field used by application-process source","Application__c","GenerateADDCApprovalLetter__c","Generate ADDC Approval Letter","Checkbox","Apex, trigger, or Application-named Flow"
"Application field used by application-process source","Application__c","GenerateApprovedforExamLetter__c","Generate Approved for Exam Letter","Checkbox","Apex, trigger, or Application-named Flow"
"Application field used by application-process source","Application__c","GenerateCheckoutForm__c","Generate Checkout Form","Checkbox","Apex, trigger, or Application-named Flow"
"Application field used by application-process source","Application__c","GenerateDeficiencyNotification__c","Generate Deficiency Notification","Checkbox","Apex, trigger, or Application-named Flow"
"Application field used by application-process source","Application__c","GenerateFile__c","Generate File","Checkbox","Apex, trigger, or Application-named Flow"
"Application field used by application-process source","Application__c","GenerateGenericNotification__c","Generate Generic Notification","Checkbox","Apex, trigger, or Application-named Flow"
"Application field used by application-process source","Application__c","GenerateLicenseFeesNotice__c","Generate License Fees Notice","Checkbox","Apex, trigger, or Application-named Flow"
"Application field used by application-process source","Application__c","GenerateLicense__c","Generate License","Checkbox","Apex, trigger, or Application-named Flow"
"Application field used by application-process source","Application__c","GenerateMassEmailNotificationFlow__c","Generate Mass Email & Notification Flow","Checkbox","Apex, trigger, or Application-named Flow"
"Application field used by application-process source","Application__c","GenerateNoticeofRejection__c","Generate Notice of Rejection","Checkbox","Apex, trigger, or Application-named Flow"
"Application field used by application-process source","Application__c","GenerateOnlineRenewal__c","Generate Online Renewal","Checkbox","Apex, trigger, or Application-named Flow"
"Application field used by application-process source","Application__c","GenerateRealEstateCert__c","Generate Real Estate Cert","Checkbox","Apex, trigger, or Application-named Flow"
"Application field used by application-process source","Application__c","GenerateTemporaryLicense__c","Generate Temporary License","Checkbox","Apex, trigger, or Application-named Flow"
"Application field used by application-process source","Application__c","GenerateX3RemedialCourseNotification__c","Generate X3/Remedial Course Notification","Checkbox","Apex, trigger, or Application-named Flow"
"Application field used by application-process source","Application__c","Generate_ADDP_Approved_Letter__c","Generate ADDP Approved Letter","Checkbox","Apex, trigger, or Application-named Flow"
"Application field used by application-process source","Application__c","IMLCCLicenseId__c","IMLCC License Id","Text","Apex, trigger, or Application-named Flow"
"Application field used by application-process source","Application__c","IMLCC_Member__c","IMLCC Member","Checkbox","Apex, trigger, or Application-named Flow"
"Application field used by application-process source","Application__c","InitialReviewDate__c","Initial Review Date","Date","Apex, trigger, or Application-named Flow"
"Application field used by application-process source","Application__c","IsApplicationTerminated__c","Is Application Terminated","Checkbox","Apex, trigger, or Application-named Flow"
"Application field used by application-process source","Application__c","Island__c","Island","Picklist","Apex, trigger, or Application-named Flow"
"Application field used by application-process source","Application__c","LicenseFeesGenerated__c","License Fees Generated","Checkbox","Apex, trigger, or Application-named Flow"
"Application field used by application-process source","Application__c","LicenseNumber__c","License Number","Text","Apex, trigger, or Application-named Flow"
"Application field used by application-process source","Application__c","LicensePeriodRNEW__c","License Period","Text","Apex, trigger, or Application-named Flow"
"Application field used by application-process source","Application__c","LicensePeriod__c","License Period","Picklist","Apex, trigger, or Application-named Flow"
"Application field used by application-process source","Application__c","LicenseTypeCode__c","License Type Code","Text","Apex, trigger, or Application-named Flow"
"Application field used by application-process source","Application__c","LicenseType__c","License Type","Lookup","Apex, trigger, or Application-named Flow"
"Application field used by application-process source","Application__c","Location__c","Location","TextArea","Apex, trigger, or Application-named Flow"
"Application field used by application-process source","Application__c","MailingAddressEffectiveDate__c","Mailing Address Effective Date","Date","Apex, trigger, or Application-named Flow"
"Application field used by application-process source","Application__c","MailingCity__c","Mailing City","Text","Apex, trigger, or Application-named Flow"
"Application field used by application-process source","Application__c","MailingCountry__c","Mailing Country","Picklist","Apex, trigger, or Application-named Flow"
"Application field used by application-process source","Application__c","MailingState__c","Mailing State","Picklist","Apex, trigger, or Application-named Flow"
"Application field used by application-process source","Application__c","MailingStreet__c","Mailing Street","TextArea","Apex, trigger, or Application-named Flow"
"Application field used by application-process source","Application__c","MailingZipCode__c","Mailing Zip Code","Text","Apex, trigger, or Application-named Flow"
"Application field used by application-process source","Application__c","MedicalDentalDependencyProgram__c","Dependent Account","Lookup","Apex, trigger, or Application-named Flow"
"Application field used by application-process source","Application__c","MethodEmail__c","Method = Email","Checkbox","Apex, trigger, or Application-named Flow"
"Application field used by application-process source","Application__c","MethodofLicensure__c","Method of Licensure","Picklist","Apex, trigger, or Application-named Flow"
"Application field used by application-process source","Application__c","NameofNursingProgram__c","Name of Nursing Program","Text","Apex, trigger, or Application-named Flow"
"Application field used by application-process source","Application__c","NoticeofFeesSentDate__c","Notice of Fees Sent Date","Date","Apex, trigger, or Application-named Flow"
"Application field used by application-process source","Application__c","NotificationEmail__c","Notification Email","Email","Apex, trigger, or Application-named Flow"
"Application field used by application-process source","Application__c","NumberofMVDs__c","Number of MVDs","Number","Apex, trigger, or Application-named Flow"
"Application field used by application-process source","Application__c","NumberofProperties__c","Number of Properties","Number","Apex, trigger, or Application-named Flow"
"Application field used by application-process source","Application__c","OfficeNumber__c","Office Number","Number","Apex, trigger, or Application-named Flow"
"Application field used by application-process source","Application__c","OnlineApplicationTypeDependencyFlow__c","Online Application Type Dependency Flow","Text","Apex, trigger, or Application-named Flow"
"Application field used by application-process source","Application__c","OnlineApplicationType__c","Online Application Type","Picklist","Apex, trigger, or Application-named Flow"
"Application field used by application-process source","Application__c","OnlineRenewalBusinessAddress__c","Online Renewal Business Address","TextArea","Apex, trigger, or Application-named Flow"
"Application field used by application-process source","Application__c","OnlineRenewalClasses__c","Online Renewal Classes","LongTextArea","Apex, trigger, or Application-named Flow"
"Application field used by application-process source","Application__c","OnlineRenewalEmployment__c","Online Renewal Employment","LongTextArea","Apex, trigger, or Application-named Flow"
"Application field used by application-process source","Application__c","OnlineRenewalInsurance__c","Online Renewal Insurance","LongTextArea","Apex, trigger, or Application-named Flow"
"Application field used by application-process source","Application__c","OnlineRenewalMailingAddress__c","Online Renewal Mailing Address","TextArea","Apex, trigger, or Application-named Flow"
"Application field used by application-process source","Application__c","OnlineRenewalResidenceAddress__c","Online Renewal Residence Address","TextArea","Apex, trigger, or Application-named Flow"
"Application field used by application-process source","Application__c","OnlineSubmitStatus__c","Online Submit Status","Picklist","Apex, trigger, or Application-named Flow"
"Application field used by application-process source","Application__c","OutstandingAmount__c","Outstanding Amount","Currency","Apex, trigger, or Application-named Flow"
"Application field used by application-process source","Application__c","PVLBPID__c","PVL BP ID","Text","Apex, trigger, or Application-named Flow"
"Application field used by application-process source","Application__c","PVLPortalUser__c","PVL Portal User","Lookup","Apex, trigger, or Application-named Flow"
"Application field used by application-process source","Application__c","PVL_FireRenewLicenseProcess__c","Fire Renew License Process","Checkbox","Apex, trigger, or Application-named Flow"
"Application field used by application-process source","Application__c","PhaseAEndDate__c","Phase A End Date","DateTime","Apex, trigger, or Application-named Flow"
"Application field used by application-process source","Application__c","PhaseAStartDate__c","Phase A Start Date","DateTime","Apex, trigger, or Application-named Flow"
"Application field used by application-process source","Application__c","PhaseBEndDate__c","Phase B End Date","DateTime","Apex, trigger, or Application-named Flow"
"Application field used by application-process source","Application__c","PhaseBStartDate__c","Phase B Start Date","DateTime","Apex, trigger, or Application-named Flow"
"Application field used by application-process source","Application__c","PhaseDEndDate__c","Phase D End Date","DateTime","Apex, trigger, or Application-named Flow"
"Application field used by application-process source","Application__c","PhaseDStartDate__c","Phase D Start Date","DateTime","Apex, trigger, or Application-named Flow"
"Application field used by application-process source","Application__c","PhaseEEndDate__c","Phase E End Date","DateTime","Apex, trigger, or Application-named Flow"
"Application field used by application-process source","Application__c","PhaseEStartDate__c","Phase E Start Date","DateTime","Apex, trigger, or Application-named Flow"
"Application field used by application-process source","Application__c","PhaseHEndDate__c","Phase H End Date","DateTime","Apex, trigger, or Application-named Flow"
"Application field used by application-process source","Application__c","PhaseHStartDate__c","Phase H Start Date","DateTime","Apex, trigger, or Application-named Flow"
"Application field used by application-process source","Application__c","PhaseLEndDate__c","Phase L End Date","DateTime","Apex, trigger, or Application-named Flow"
"Application field used by application-process source","Application__c","PhaseLStartDate__c","Phase L Start Date","DateTime","Apex, trigger, or Application-named Flow"
"Application field used by application-process source","Application__c","PhaseOEndDate__c","Phase O End Date","DateTime","Apex, trigger, or Application-named Flow"
"Application field used by application-process source","Application__c","PhaseOStartDate__c","Phase O Start Date","DateTime","Apex, trigger, or Application-named Flow"
"Application field used by application-process source","Application__c","PhaseXEndDate__c","Phase X End Date","DateTime","Apex, trigger, or Application-named Flow"
"Application field used by application-process source","Application__c","PhaseXStartDate__c","Phase X Start Date","DateTime","Apex, trigger, or Application-named Flow"
"Application field used by application-process source","Application__c","PhaseXValidation__c","Phase X Validation","Checkbox","Apex, trigger, or Application-named Flow"
"Application field used by application-process source","Application__c","Phase__c","Phase","Picklist","Apex, trigger, or Application-named Flow"
"Application field used by application-process source","Application__c","PopulateOnlineRenewalFields__c","Populate Online Renewal Fields","Checkbox","Apex, trigger, or Application-named Flow"
"Application field used by application-process source","Application__c","PreferredAddress__c","Preferred Address","Picklist","Apex, trigger, or Application-named Flow"
"Application field used by application-process source","Application__c","PreferredEmail__c","Preferred Email","Picklist","Apex, trigger, or Application-named Flow"
"Application field used by application-process source","Application__c","PreviousStatus__c","Previous Status","Picklist","Apex, trigger, or Application-named Flow"
"Application field used by application-process source","Application__c","Privilege__c","Privilege","Picklist","Apex, trigger, or Application-named Flow"
"Application field used by application-process source","Application__c","RNEWRSTRDate__c","RNEW/RSTR Date","Date","Apex, trigger, or Application-named Flow"
"Application field used by application-process source","Application__c","RecordTypePlaceholder__c","Record Type Placeholder","Text","Apex, trigger, or Application-named Flow"
"Application field used by application-process source","Application__c","Remarks__c","Remarks","TextArea","Apex, trigger, or Application-named Flow"
"Application field used by application-process source","Application__c","RemedialCourseTaken__c","Remedial Course Taken","Date","Apex, trigger, or Application-named Flow"
"Application field used by application-process source","Application__c","RenewalMailToCity__c","Renewal Mail To City (Historical)","Text","Apex, trigger, or Application-named Flow"
"Application field used by application-process source","Application__c","RenewalMailToCode__c","Renewal Mail To Code","Text","Apex, trigger, or Application-named Flow"
"Application field used by application-process source","Application__c","RenewalMailToCountry__c","Renewal Mail To Country (Historical)","Picklist","Apex, trigger, or Application-named Flow"
"Application field used by application-process source","Application__c","RenewalMailToStateHist__c","Renewal Mail To State (Historical)","Text","Apex, trigger, or Application-named Flow"
"Application field used by application-process source","Application__c","RenewalMailToState__c","Renewal Mail To State (Hist) OLD","Picklist","Apex, trigger, or Application-named Flow"
"Application field used by application-process source","Application__c","RenewalMailToStreet__c","Renewal Mail To Street (Historical)","TextArea","Apex, trigger, or Application-named Flow"
"Application field used by application-process source","Application__c","RenewalMailToZipCode__c","Renewal Mail To Zip Code (Historical)","Text","Apex, trigger, or Application-named Flow"
"Application field used by application-process source","Application__c","RenewbyPermittoPractice__c","Renew by Permit to Practice","Picklist","Apex, trigger, or Application-named Flow"
"Application field used by application-process source","Application__c","RenewedOnDate__c","Renewed On Date","Date","Apex, trigger, or Application-named Flow"
"Application field used by application-process source","Application__c","RenewingPermittoPractice__c","Renewing Permit to Practice","Picklist","Apex, trigger, or Application-named Flow"
"Application field used by application-process source","Application__c","ResidenceAddressEffectiveDateOnlineRenew__c","Residence Address Effective Date","Date","Apex, trigger, or Application-named Flow"
"Application field used by application-process source","Application__c","ResidenceCityOnlineRenewal__c","Residence City","Text","Apex, trigger, or Application-named Flow"
"Application field used by application-process source","Application__c","ResidenceCity__c","Residence City","Text","Apex, trigger, or Application-named Flow"
"Application field used by application-process source","Application__c","ResidenceCountryOnlineRenewal__c","Residence Country","Picklist","Apex, trigger, or Application-named Flow"
"Application field used by application-process source","Application__c","ResidenceCountry__c","Residence Country","Text","Apex, trigger, or Application-named Flow"
"Application field used by application-process source","Application__c","ResidenceStateOnlineRenewal1__c","Residence State","Picklist","Apex, trigger, or Application-named Flow"
"Application field used by application-process source","Application__c","ResidenceState__c","Residence State","Text","Apex, trigger, or Application-named Flow"
"Application field used by application-process source","Application__c","ResidenceStreetOnlineRenewal__c","Residence Street","TextArea","Apex, trigger, or Application-named Flow"
"Application field used by application-process source","Application__c","ResidenceStreet__c","Residence Street","Text","Apex, trigger, or Application-named Flow"
"Application field used by application-process source","Application__c","ResidenceZipCodeOnlineRenewal__c","Residence Zip Code","TextArea","Apex, trigger, or Application-named Flow"
"Application field used by application-process source","Application__c","ResidenceZipCode__c","Residence Zip Code","Text","Apex, trigger, or Application-named Flow"
"Application field used by application-process source","Application__c","SameAsLicenseTypeNextRenewPeriod__c","Same As License Type Next Renew Period","Checkbox","Apex, trigger, or Application-named Flow"
"Application field used by application-process source","Application__c","SameAsLicenseTypeRenewPeriod__c","Same As License Type Renew Period","Checkbox","Apex, trigger, or Application-named Flow"
"Application field used by application-process source","Application__c","SchoolProgramName__c","School / Program Name","Text","Apex, trigger, or Application-named Flow"
"Application field used by application-process source","Application__c","School_Program_Abbreviation__c","School / Program Abbreviation","Text","Apex, trigger, or Application-named Flow"
"Application field used by application-process source","Application__c","SendApprovedforExamLetterEmail__c","Send Approved for Exam Letter Email","Checkbox","Apex, trigger, or Application-named Flow"
"Application field used by application-process source","Application__c","SendDeficiencyNotificationEmail__c","Send Deficiency Notification Email","Checkbox","Apex, trigger, or Application-named Flow"
"Application field used by application-process source","Application__c","Send_ADDP_Approved_Letter_Email__c","Send ADDP Approved Letter Email","Checkbox","Apex, trigger, or Application-named Flow"
"Application field used by application-process source","Application__c","SkipAppRenewFlow__c","Skip App Renew Flow","Checkbox","Apex, trigger, or Application-named Flow"
"Application field used by application-process source","Application__c","SoleOwner__c","Sole Owner?","Checkbox","Apex, trigger, or Application-named Flow"
"Application field used by application-process source","Application__c","SpringCMTemplateName__c","SpringCM Template Name","Text","Apex, trigger, or Application-named Flow"
"Application field used by application-process source","Application__c","SpringCM_Deficiency_Letter__c","SpringCM Deficiency Letter","Text","Apex, trigger, or Application-named Flow"
"Application field used by application-process source","Application__c","Status__c","Status","Picklist","Apex, trigger, or Application-named Flow"
"Application field used by application-process source","Application__c","TemporaryLicenseEffectiveDate__c","Temporary License Effective Date","Date","Apex, trigger, or Application-named Flow"
"Application field used by application-process source","Application__c","TemporaryLicenseExpireDate__c","Temporary License Expire Date","Date","Apex, trigger, or Application-named Flow"
"Application field used by application-process source","Application__c","TemporaryLicenseNumber2__c","Temporary License Number","Text","Apex, trigger, or Application-named Flow"
"Application field used by application-process source","Application__c","TemporaryLicenseNumber__c","Temporary License Number","Text","Apex, trigger, or Application-named Flow"
"Application field used by application-process source","Application__c","TimeshareCity__c","Timeshare City","Text","Apex, trigger, or Application-named Flow"
"Application field used by application-process source","Application__c","TimeshareName__c","Timeshare Name","Text","Apex, trigger, or Application-named Flow"
"Application field used by application-process source","Application__c","TimeshareRegistrationNo__c","Timeshare Registration No.","Text","Apex, trigger, or Application-named Flow"
"Application field used by application-process source","Application__c","TimeshareState__c","Timeshare State","Picklist","Apex, trigger, or Application-named Flow"
"Application field used by application-process source","Application__c","TimeshareStreet__c","Timeshare Street","Text","Apex, trigger, or Application-named Flow"
"Application field used by application-process source","Application__c","TimeshareZipCode__c","Timeshare Zip Code","Text","Apex, trigger, or Application-named Flow"
"Application field used by application-process source","Application__c","TransactionCounter__c","Transaction Counter","Number","Apex, trigger, or Application-named Flow"
"Application field used by application-process source","Application__c","TypeCodeTemplate__c","Type Code Template","Text","Apex, trigger, or Application-named Flow"
"Application field used by application-process source","Application__c","Type__c","Type","Picklist","Apex, trigger, or Application-named Flow"
"Application field used by application-process source","Application__c","TypeofEntity__c","Type of Entity","Picklist","Apex, trigger, or Application-named Flow"
"Application field used by application-process source","Application__c","TypeofProgram__c","Type of Program","Picklist","Apex, trigger, or Application-named Flow"
"Application field used by application-process source","Application__c","UploadedPortalDocument__c","Uploaded Portal Document","DateTime","Apex, trigger, or Application-named Flow"
"Application field used by application-process source","Application__c","UseEnhancedOnlineApplication__c","Use Enhanced Online Application","Checkbox","Apex, trigger, or Application-named Flow"
"Relationship to Application__c","AdditionalDependentAppsLicenses__c","Application__c","Application","Lookup","Field metadata reference"
"Relationship to Application__c","AdditionalDependentAppsLicenses__c","DependentApplication__c","Dependent Application","Lookup","Field metadata reference"
"Relationship to Application__c","ApplicationClassifications__c","Application__c","Application","MasterDetail","Field metadata reference"
"Relationship to Application__c","ApplicationRequirement__c","Application__c","Application","MasterDetail","Field metadata reference"
"Relationship to Application__c","Application_Cache__c","Duties_Reassessment_Application__c","Reassessment Application","Lookup","Field metadata reference"
"Relationship to Application__c","Application__c","DependentApplication__c","Dependent Application","Lookup","Field metadata reference"
"Relationship to Application__c","Earned_Prelicense__c","Application__c","Application","Lookup","Field metadata reference"
"Relationship to Application__c","Education__c","Application__c","Application","MasterDetail","Field metadata reference"
"Relationship to Application__c","ExamsRequired__c","Application__c","Application","MasterDetail","Field metadata reference"
"Relationship to Application__c","IVR_Application_Status_Snapshot__c","Application__c","Application","Lookup","Field metadata reference"
"Relationship to Application__c","InsuranceBond__c","Application__c","Application","Lookup","Field metadata reference"
"Relationship to Application__c","License__c","Application__c","Application","Lookup","Field metadata reference"
"Relationship to Application__c","Notification__c","Application__c","Application","Lookup","Field metadata reference"
"Relationship to Application__c","OtherStateLicenses__c","Application__c","Application","Lookup","Field metadata reference"
"Relationship to Application__c","Partner_Officer__c","Application__c","Application","MasterDetail","Field metadata reference"
"Relationship to Application__c","Transaction__c","Application__c","Application","Lookup","Field metadata reference"
"Relationship to Application__c","Work_Item__c","Application_Number__c","Application Number","Lookup","Field metadata reference"
