Issue ID,Summary,Priority Tier,Severity,Exposure,Domain,Category,Effort,Source Findings,Key Files,Recommendation,Verified
DCCA-001,DocuSign CLM (SpringCM) org-wide OAuth bearer token returned to guest and community browsers; tokens stored in plaintext,P0,Critical,Guest / public,Integrations CLM/DocuSign; Digital Forms sc_; CATV,Security,M,A-01; S-02; F-02,classes/SpringCMConnector.cls; lwc/springFiles/springFiles.js; lwc/springFileFix/springFileFix.js; profiles/Digital Form Profile.profile-meta.xml; permissionsets/External_CATV_Provider|Requestor; objects/SpringCLM_Session__c,Remove SpringCMConnector from guest/community access now; rotate CLM client secret and refresh token; replace getToken with a server-side upload proxy on a Named/External Credential.,Verified
DCCA-002,Guest-callable arbitrary-object SOQL (sc_LookupController) can read integration secrets stored in Public custom metadata and settings,P0,Critical,Guest / public,Digital Forms sc_; Platform/Shared,Security,M,S-01,classes/sc_LookupController.cls; aura/sc_Lookup; profiles/Digital Form Profile.profile-meta.xml; objects/Org_Credential__mdt; objects/SpringCLMSetting__mdt; objects/breg_DocuSign_Auth__mdt; objects/TaxClearanceApi__c; objects/qual_Integration_Settings__c,Remove sc_LookupController from Digital Form Profile now; rotate every secret in Public CMT/settings; rewrite as allow-listed config-key lookup in USER_MODE.,Verified
DCCA-003,BREG checkout and Securities group payment trust browser-supplied prices and totals; a $0 cart is recorded as Paid/Completed; expedite can be set without paying,P0,Critical,Guest / public,Payments/Transactions; BREG,Security,M,S-03; F-01; F-21,classes/BREGPaymentController.cls; lwc/breg_CheckoutPage; lwc/breg_Shopping_Cart; classes/SecurityPortalTransactionsHelper.cls; lwc/makePaymenttoMultipleFilings; classes/BREGCaseControllerWithoutSharing.cls,Hotfix createPayment and groupTransactions to reprice server-side and reject client totals; remove client call to updateCasesProcessingSpeed; run a detection query for historic $0 Completed BREG payments.,Verified
DCCA-004,Guest-reachable Apex REST endpoints /CreatePayment and /CreateTransaction insert payments and transactions with caller-supplied amount and status,P0,Critical,Guest / public,Payments/Transactions,Security,S,S-04; P-02,classes/PaymentREST.cls; classes/TransactionREST.cls; profiles/pre-payment Profile; profiles/securities Profile; profiles/transcripts Profile; profiles/DCCA BREG - CustomerCommunityLogin,Remove PaymentREST/TransactionREST from 3 guest profiles and BREG community profile today; re-host on an integration user with a custom-permission gate.,Verified
DCCA-005,"Guest sharing rules expose entire record populations: all Transactions (payer billing identity), Filings, complaint Cases, complainant Accounts, draft license applications, BREG entities, OmniStudio definitions",P0,Critical,Guest / public,Payments/Transactions; Cases/Complaints; BREG; Digital Forms sc_,Access Control,M,P-01; P-05,sharingRules/Transaction__c; sharingRules/Filing__c; sharingRules/Case; sharingRules/Account; sharingRules/Application_Cache__c; sharingRules/breg_*; profiles/PaymentConnect Profile,"Delete guest sharing rules on Transaction__c, Filing__c, Case (4), complainant Accounts and Application_Cache__c; narrow BREG and Omni rules.",Verified
DCCA-006,All three BREG community profiles hold Modify All / View All / Delete on Transaction__c (every division's transactions),P0,Critical,Authenticated external,Payments/Transactions; BREG,Access Control,S,P-03,profiles/DCCA BREG - CustomerCommunityLogin; profiles/DCCA BREG - CustomerCommunityUser; profiles/DCCA BREG - Subscriber Login,"Remove Modify All, View All and Delete on Transaction__c from the three BREG community profiles.",Verified
DCCA-007,"Anonymous IDOR and mass assignment in BREG portal controllers: delete any Case, overwrite or re-parent other filers' Cases, change Case contact, expedite, delete supporting documents",P0,Critical,Guest / public,BREG; Cases/Complaints,Security,L,S-05; F-03; P-04,classes/BREGPortalUtils.cls; classes/BREGCaseControllerWithoutSharing.cls; classes/BREGRegistrationFormController.cls; classes/BREGContactControllerWithoutSharing.cls; lwc/breg_MyDashboardPage; lwc/breg_AnnualReports; permissionsets/BREG_Site_Guest_User,"Hotfix guest/ownership guards on deleteCase, updateCasesProcessingSpeed, updateCaseContact and saveFormData Id handling; then refactor to DTOs and user mode.",Verified
DCCA-008,"Guest-callable generic DML in the payment portal: create or update any record of any object (CustomRecordCreate, GenericCommunityPaymentController, CreateTransaction, GroupTransactionController, FilingController)",P0,Critical,Guest / public,Payments/Transactions,Security,L,S-08,classes/CustomRecordCreate.cls; classes/GenericCommunityPaymentController.cls; classes/CreateTransaction.cls; classes/GroupTransactionController.cls; classes/HPEAPRequestCreate.cls; classes/FileDetailCreatorController.cls; classes/FilingController.cls; profiles/pre-payment|securities|transcripts Profile,"Confirm whether the pre-payment/securities/transcripts sites are live; if not, deactivate; if so, remove generic DML classes from guest profiles and replace with typed DTO controllers.",Verified
DCCA-009,Anonymous self-registration provisions portal users on a client-chosen existing Account and client-chosen Profile (account takeover); contact enumeration and orphan accounts,P0,Critical,Guest / public,Platform/Shared; Payments/Transactions,Security,M,S-06; S-26,classes/CustomCommunityRegistrationController.cls; classes/CommunitiesSelfRegController.cls; classes/CATV_SelfRegistrationController.cls,Hotfix: ignore client profileName and account.Id in finalizeRecords; route existing-account joins to staff approval.,Verified
DCCA-010,Symmetric encryption keys committed to source and used as authorisation tokens; guest-callable decrypt and encrypt oracles,P0,Critical,Guest / public,CATV; Digital Forms sc_,Security,M,S-10,labels/CustomLabels.labels-meta.xml; classes/CATV_SelfRegistrationController.cls; classes/CATV_CustomLookUpController.cls; classes/CATV_RegistrationHandler.cls; classes/PVL_EncodingService.cls; classes/DraftApplicationDetailCont.cls,Rotate CATV and Org_Credential keys; remove decrypt/decode Aura methods; replace encrypted IDs with single-use invite tokens.,Verified
DCCA-011,"SOQL injection reachable by guest users in ~15 classes, including one executed in SYSTEM_MODE (CATV self-registration lookup) and a second-order injection in a paid export",P0,Critical,Guest / public,CATV; Payments/Transactions; BREG,Security,M,S-07; F-04; S-27; S-30,classes/CATV_CustomLookUpController.cls; classes/CATV_WithoutSharingUtility.cls; classes/GenericCreatePaymentCtrl.cls; classes/CustomCommunityRegistrationController.cls; classes/BREGEntityListBuilderController.cls; classes/BREGEntityListBuilderBatch.cls; classes/BatchSummaryPDF.cls; classes/GroupTransactions2.cls; classes/NewTransaction.cls; classes/BatchTransaction.cls; classes/InputLookupAuraController.cls; classes/BREGNameClearanceController.cls,Hard-code fieldApiName server-side in CATV lookup; convert the 30 injectable sites to binds/allow-lists; delete the SYSTEM_MODE query sink.,Verified (with correction)
DCCA-012,"Anonymous disclosure of payment receipts, billing PII, card last-4, draft licence applications and pending enforcement subjects by record Id or enumerable name",P0,Critical,Guest / public,Payments/Transactions; BREG; Digital Forms sc_; Cases/Complaints,Security,M,S-09; F-07; P-09,classes/BREGPaymentController.cls; lwc/breg_PaymentConfirmation; classes/BREGPaymentReceiptPdfController.cls; classes/PVL_PaymentReceiptController.cls; classes/DraftApplicationDetailCont.cls; classes/sc_ApplicationController.cls; aura/sc_ApplicationCreation; classes/SEBSearchController.cls; classes/WebDocumentExt.cls,Add access-token checks to payment confirmation/receipt and draft-application lookups; add Public__c filter to SEB search; strip card/processor fields for guests.,Verified
DCCA-013,"Outbound perimeter: active Remote Site Settings to a pipedream.net request bin, a raw-IP HTTP host, icanhazip and a staging tax endpoint; wildcard and all-directive CSP entries",P0,High,Internal,Platform/Shared; Integrations CLM/DocuSign,Security,S,S-23; P-19; P-20,remoteSiteSettings/test; remoteSiteSettings/WordpressSiteTestServer; remoteSiteSettings/icanhazip; remoteSiteSettings/barcode_link; remoteSiteSettings/TaxClearanceApiStagingEndpoint; cspTrustedSites/Qualtrics_Wildcard; cspTrustedSites/Google_CCAI_Platform,"Deactivate pipedream, raw-IP, icanhazip and staging Remote Sites this week; remove wildcard CSP entries.",Verified
DCCA-014,"Integration secrets held in Public custom metadata, custom settings, a Public R/W object and test classes instead of Named/External Credentials; runtime Tooling API metadata writes",P1,High,Guest / public,Integrations CLM/DocuSign; Platform/Shared,Security,L,S-15; P-17; S-25; A-14; P-31,objects/Org_Credential__mdt; objects/SpringCLMSetting__mdt; objects/SpringCMApiEnvironment__mdt; objects/breg_DocuSign_Auth__mdt; objects/TaxClearanceApi__c; objects/qual_Integration_Settings__c; objects/SpringCLM_Session__c; objects/PVL_Portal_User__c; classes/TaxClearanceApiHelper.cls; classes/DocuSignJWTTest.cls; classes/DocusignAuthProviderTest.cls; classes/sc_AppMetaDataManagement.cls,Move all integration secrets to Named/External Credentials; delete secret fields and token object; add secret scanning to CI.,Partially verified
DCCA-015,Nine admin-equivalent profiles; UI-login integration profiles with ModifyAllData and PasswordNeverExpires; vendor profiles with org-wide read and metadata rights; no login IP ranges anywhere,P1,Critical,Internal,Platform/Shared,Access Control,M,P-06; P-10; P-11; P-26,profiles/Integration; profiles/Wordpress Administrator; profiles/DCCA SEC%2FSEB System Administrator; profiles/DCCA System Administrator; profiles/DocuSign Integration; profiles/Google Integration User; profiles/DCCA Integration1; profiles/Accenture User; profiles/Pacxa User,Remove PasswordNeverExpires and ModifyAllData from UI-capable integration profiles; add login IP ranges; move integrations to Salesforce Integration licence with scoped permission sets.,Verified
DCCA-016,"Guest and community profiles over-provisioned: back-office cashier VF pages that start batches on page load, 62 test classes, Create on 33 enforcement/fee/cash objects, sensitive FLS, Mass Delete pages, OmniStudio Designer",P1,High,Guest / public,Payments/Transactions; Platform/Shared,Access Control,M,S-13; P-07; P-08; P-21; P-23; P-25,profiles/pre-payment Profile; profiles/securities Profile; profiles/transcripts Profile; profiles/PaymentConnect Profile; profiles/CATV Portal Profile; permissionsets/OmniStudio_Guest_User; permissionsets/DCCA_Travel_Approval; permissionsets/BREG_Portal_User,"Rebuild the 9 guest profiles from a clean baseline; strip test classes, back-office pages, Create on enforcement/cash objects and sensitive FLS.",Not spot-checked
DCCA-017,"Authenticated generic 'query anything / write anything' Aura endpoints and portal IDOR/mass assignment (notifications, transactions, DocuSign workflows, CATV invoices)",P1,High,Authenticated external,BREG; CATV; Platform/Shared,Security,M,S-11; S-12,classes/ListViewController.cls; classes/RelatedListController.cls; classes/LookUpController.cls; classes/LookupService.cls; classes/FilingController.cls; classes/BREGNotificationsHandler.cls; classes/BREGCreateTransaction.cls; classes/BREGCaseController.cls; classes/CATV_DashboardController.cls,Remove generic query/DML controllers from community profiles; add ownership checks and field allow-lists to BREG/CATV portal controllers.,Not spot-checked
DCCA-018,"Tokens, session IDs, secret-bearing records and PII written to Apex debug logs and the browser console; OmniScript bundles ship admin identities",P1,High,Authenticated external,Platform/Shared; Integrations CLM/DocuSign,Security,S,S-16; F-13,classes/SpringCMConnector.cls; classes/SpringCMApiManager.cls; classes/SpringCMRestHelper.cls; classes/CustomCommunityRegistrationController.cls; classes/BREGRegistrationFormController.cls; lwc/utils; lwc/catv_registration_page; lwc/case*English/*_def.js; staticresources/sc_testCardCaches.txt,Remove token/session/PII logging in Apex and LWC; enforce PMD AvoidDebugStatements and ESLint no-console; regenerate OmniScripts.,Not spot-checked
DCCA-019,"Public search and registration flows allow bulk harvesting and enumeration (unbounded limits, wildcard LIKE, existence oracles, internal Knowledge to guests)",P1,High,Guest / public,BREG; Cases/Complaints; Platform/Shared,Security,S,S-17,classes/BREGSearchAndBuyController.cls; classes/SEBSearchController.cls; classes/CustomCommunityRegistrationController.cls; classes/BREGContactControllerWithoutSharing.cls; classes/CATV_SelfRegistrationController.cls; classes/BREGHelpCenterController.cls,"Clamp queryLimit/pageSize, escape LIKE wildcards, uniform responses, add rate limiting on public search.",Not spot-checked
DCCA-020,CLM/DocuSign OAuth callback has no `state` (login CSRF binds the org integration to an attacker account); Salesforce session IDs forwarded to SpringCM; global SOAP `webservice` surface,P1,High,Guest / public,Integrations CLM/DocuSign,Security,M,S-18; S-22,classes/DocuSignCallbackController.cls; pages/docucallback.page; classes/InvocableSpringCMDocGen.cls; classes/SpringCMRestHelper.cls,Move CLM OAuth to an Auth Provider/Named Credential; stop forwarding session IDs; remove unused webservice methods.,Not spot-checked
DCCA-021,Exception messages and stack traces returned to guest and portal clients,P1,Medium,Guest / public,BREG; Payments/Transactions,Security,S,S-19,classes/BREGSearchAndBuyController.cls; classes/BREGBusinessDetailsController.cls; classes/GroupTransactions2.cls; classes/PaymentREST.cls; classes/TransactionREST.cls; classes/BREGPaymentController.cls,Replace client-facing exception text with correlation-id messages; log full errors server-side.,Not spot-checked
DCCA-022,"HTML/script injection: guest-influenced data unescaped into official PDFs, stored XSS via innerHTML in lookupSearchResult, aura:unescapedHtml on community record forms, DOM-XSS candidate",P1,High,Guest / public,Payments/Transactions; PVL/Licensing,Security,S,S-21; F-06; F-17,pages/BatchSummaryPDF.page; pages/TransactionPaymentReceiptPdf.page; components/OnlineRenewalCopy.component; pages/FilingOverride.page; lwc/lookupSearchResult; aura/CustomRecordCreateField,Remove escape=false on guest-influenced PDFs; fix innerHTML in lookupSearchResult; replace aura:unescapedHtml.,Not spot-checked
DCCA-023,"Known-vulnerable jQuery 2.2.4, Bootstrap 3.3.6 and abandoned typeahead 0.10.5 loaded under community payment components; stale public WordPress dump with legacy trackers",P1,High,Authenticated external,Payments/Transactions; Platform/Shared,Front End,M,F-05,aura/InputLookup; aura/InputLookup2; staticresources/Lgt_InputLookup; staticresources/typeahead.js; staticresources/CustomTemplate,Replace InputLookup/InputLookup2 with an LWC lookup and delete vulnerable static resources.,Not spot-checked
DCCA-024,"Hard-coded environment-specific record IDs, URLs, user names and profile-name authorisation (including a dev-sandbox payment checkout URL default on a community component)",P1,High,Guest / public,Platform/Shared; Payments/Transactions; PVL/Licensing,Security,M,W-09; S-24; F-10; T-17,aura/CustomPaymentButton/CustomPaymentButton.cmp; aura/AGRCustomTheme; aura/NewTransactionNoAccount; aura/GroupTransactions2; classes/NewTransaction.cls; classes/GroupTransactions2.cls; classes/AccountDomain.cls; classes/FilingService.cls; classes/TransactionPreventDeletion.cls; flows/Account_Set_Contact_on_Person_Account; flows/PaymentImmediateActions; labels/CustomLabels.labels-meta.xml,Remove sandbox URL default from CustomPaymentButton; replace hard-coded Ids and profile-name checks with CMT/DeveloperName lookups and Custom Permissions.,Not spot-checked
DCCA-025,Record details e-mailed to former vendor staff and a personal Gmail address (PB fault emails and email-alert CCs),P1,High,Internal,PVL/Licensing; Platform/Shared,Security,S,W-17,flows/ApplicationSubProcessNotifications; flows/LicenseSubProcessNotifications; flows/Account_Set_Contact_on_Person_Account; workflows/Application__c.workflow-meta.xml; workflows/RICOReferral__c.workflow-meta.xml; workflows/Requisition__c.workflow-meta.xml,Remove all vendor and personal e-mail addresses from flows and alerts; route fault mail to a DCCA mailbox.,Not spot-checked
DCCA-026,"BREG trigger framework 'once per transaction' guards silently skip handler logic for later 200-record chunks, later DML and partial-save retries; Case trigger globally disabled after first after-event",P1,Critical,Internal,BREG,Automation,M,A-02; W-02,classes/BREGBaseTriggerHandler.cls; triggers/BREGCaseTrigger.trigger; classes/TriggerUtils.cls; flows/BREG_Transaction_Line_After; classes/BREGRegistrationFormController.cls; classes/BREGR7ExpirationBatch.cls; classes/BREGDelinquencyStatusUpdateBatchJob.cls,"Re-key BREG recursion guards by record Id, replace the global Case disable flag with a scoped bypass, add 201-record tests.",Verified
DCCA-027,"PVLProcess__e platform-event subscriber runs SOQL, DML, flows, enqueueJob, executeBatch and self-republishing per event with no retry or checkpoint",P1,Critical,Internal,PVL/Licensing,Automation,L,A-05; W-01,triggers/PVLProcessTrigger.trigger; classes/NotificationDomain.cls; classes/PVL_PDFGenerator.cls; classes/PVL_VFPDFGenerator.cls; flows/ApplicationRenewalDependencyCheck; flows/PaymentImmediateActions,"Rewrite PVLProcessTrigger as a bulk, per-type dispatcher with checkpoints, retry and a subscriber batch-size config.",Verified
DCCA-028,"48 active Process Builders (1,039 elements) and 1 Workflow Rule carry core Application, License, Payment and Transaction logic after Salesforce end of support (2025-12-31)",P1,High,Internal,PVL/Licensing; Payments/Transactions,Automation,XL,W-05; W-21,flows/ApplicationProcesses; flows/LicenseImmediateActions; flows/FilingImmediateActions; flows/PaymentImmediateActions; flows/TransactionPVLProcessBuilder; flows/TransactionConsolidatedProcessBuilder; workflows/Account.workflow-meta.xml,Migrate Process Builders to Flow/Apex starting with Transaction and Payment PBs; fix the Account name-change rule.,Verified
DCCA-029,"Test.isRunningTest() changes production behaviour in 85 classes (~170 sites), including removal of the reconciliation filter; callouts bypassed instead of mocked",P1,Critical,Internal,Payments/Transactions; PVL/Licensing; Integrations CLM/DocuSign,Testing,L,T-01; T-09,classes/ReconciliationBatchJob.cls; classes/PaymentCutOffProcessingController.cls; classes/IMLCCQueueable.cls; classes/IMLCCConnector.cls; classes/SpringCMConnector.cls; classes/UploadCaseFileToDocSignQueueable.cls; classes/BREGTransactionLineTriggerHandler.cls; triggers/PVLProcessTrigger.trigger,Remove Test.isRunningTest branches starting with ReconciliationBatchJob and payment classes; replace with HttpCalloutMock and @TestVisible seams; block new ones in CI.,Verified
DCCA-030,"Payment, transaction and reconciliation code (~20 classes, ~3,000 LOC) is covered only by tests that assert nothing",P1,Critical,Internal,Payments/Transactions,Testing,L,T-02,classes/GenericCreatePaymentControllerTest.cls; classes/TransactionServiceTest.cls; classes/PaymentRESTTest.cls; classes/TransactionRESTTest.cls; classes/ReconciliationBatchJobTest.cls; classes/PaymentCutOffProcessingControllerTest.cls,"Write asserting tests for every payment/reconciliation entry point (amounts, statuses, negative paths) before refactoring payment code.",Verified
DCCA-031,"Coverage-padding and zero-assertion tests: 36% of test classes assert nothing, 168 literal assert(true), swallowed exceptions",P1,High,Internal,Platform/Shared; PVL/Licensing,Testing,M,T-03; T-05,classes/PVL_SelectorTest.cls; classes/JVFormControllerTest.cls; classes/IMLCCConnectorTest.cls; classes/LicenseServiceCoverageTest.cls; classes/BREGCaseStatusHandlerNameReservationTest.cls,"Add a CI gate for assertion-less tests on new/changed code; backfill assertions for triggers, payments, then renewals.",Verified (sample)
DCCA-032,Date time-bomb tests: BREGAnnualRollOverJobTest fails from 2027-01-01 and will block every RunLocalTests deployment; other tests hard-code Oct-Nov 2026 dates,P1,High,Internal,BREG; PVL/Licensing,Testing,S,T-04,classes/BREGAnnualRollOverJobTest.cls; classes/BREGAnnualRollOverJob.cls; classes/ApplicationTriggerTest.cls; classes/ApplicationHcRenewalValidationTest.cls; classes/InsuranceBondDomainTest.cls,Fix BREGAnnualRollOverJobTest (injectable reference date) and relative-date the bond tests before 2026-12-01.,Verified
DCCA-033,No coverage baseline and no CI pipeline in the repo; 60% of production LOC depends on a single test class,P1,Medium,Internal,Platform/Shared,Testing,S,T-15,.sfdx/tools/testresults/apex/; package.json; jest.config.js,"Stand up a CI pipeline with test runs, coverage baselines, Code Analyzer and deploy validation.",Not spot-checked
DCCA-034,"Fragile error handling on public payment and filing flows: Aura callbacks dereference null results, un-caught awaits, console-only errors, frozen spinners and duplicate submissions",P1,High,Guest / public,Payments/Transactions; BREG,Front End,M,F-08; F-09,aura/GenericCreatePayment/GenericCreatePaymentHelper.js; aura/CustomPaymentButton; aura/CustomRecordCreate; lwc/breg_CheckoutPage; lwc/breg_Changes; lwc/jVForm; lwc/tDRForm; lwc/paymentDisplay,Add state/error handling to all payment and filing Apex calls (Aura callbacks and LWC awaits) with a shared helper.,Not spot-checked
DCCA-035,"Event-listener and interval leaks, broken popstate registration and a global Enter-key handler that can submit applications more than once",P1,Medium,Guest / public,BREG; PVL/Licensing,Front End,S,F-14,lwc/breg_Manage; lwc/breg_AnnualReports; aura/ApplicationRecordsWizard; lwc/paymentDisplay; lwc/breg_SearchAndBuy,Fix listener registration/removal and interval cleanup; guard renderedCallback.,Not spot-checked
DCCA-036,"Source references that break full-source deploys (missing Apex method, non-@AuraEnabled import, missing static resource)",P1,Medium,Internal,Platform/Shared; Integrations CLM/DocuSign,Front End,S,F-11,lwc/util_closer_LogViewer; lwc/springFileFix; aura/CustomRecordCreateMap,Fix the three broken references so the repository deploys cleanly.,Not spot-checked
DCCA-037,"Accessibility gaps on the public portal (keyboard-inaccessible logout and payment-speed choice, missing alt text and labels) against WCAG 2.1 AA",P1,Medium,Guest / public,BREG,Front End,M,F-16,lwc/breg_Header; lwc/breg_Expedited; lwc/breg_MyDashboardPage; lwc/cmsIconWithBgImg; lwc/cmsIconLink; lwc/jVTable,"Remediate keyboard access, alt text and labels on public BREG pages; add automated a11y checks.",Not spot-checked
DCCA-038,Systemic `without sharing` and near-absent CRUD/FLS enforcement across entry points; generic system-mode DML helpers,P2,High,Guest / public,Platform/Shared; BREG,Security,XL,S-14; A-10; F-20; S-29,classes/BREGSObjectUpdaterWithoutSharing.cls; classes/CATV_WithoutSharingUtility.cls; classes/WithoutSharingDmlHelper.cls; classes/AccessLess.cls; classes/BREGCaseTriggerHandler.cls; classes/PaymentAllHandler.cls,"Programme: USER_MODE and with-sharing by default, remove generic system-mode helpers, PMD sharing/CRUD rules in CI; guest entry points first (covered by P0/P1 items).",Not spot-checked
DCCA-039,Privilege-escalation paths: permission sets combining ManageUsers + AssignPermissionSets + ManageProfilesPermissionsets; data-export profile with ModifyMetadata and Modify All on enforcement/payment objects,P2,High,Internal,Platform/Shared,Access Control,S,P-12; P-14,permissionsets/SEBSECAdministrator; permissionsets/Multi_Factor_Authentication_in_API; permissionsets/JKEC_Manage_MFA_in_API; profiles/DCCA SEB%2FSEC Administrator; profiles/DCCA ISCO Data Export,Remove user/permission management from SEB/SEC and MFA permission sets; replace ISCO export profile with a read-only export permission set.,Not spot-checked
DCCA-040,"Over-broad internal data access: Public Read/Write OWD on 90 custom objects, 'Read-Only' permission sets with View All (and Modify All on payments), staff Modify All, wide Export/API rights, open external sharing on 10 objects",P2,High,Internal,Platform/Shared; PVL/Licensing; Payments/Transactions,Access Control,L,P-13; P-15; P-16; P-18; P-27,objects/*/ (sharingModel); permissionsets/Read_Only_DCCA_Payments; permissionsets/Read_Only_BREG; permissionsets/QueryAllFiles; profiles/DCCA PVL Admin; permissionsets/Payment_Delete_Permission,"Move sensitive objects to Private OWD, rebuild Read-Only permission sets without View All/Modify All, restrict Export Reports and API.",Not spot-checked
DCCA-041,"Money-path save cascade: Transaction, TransactionLine and Payment re-save each other through 7 triggers, 6 PBs (one recursive) and several flows with no recursion guard or change detection",P2,High,Internal,Payments/Transactions,Automation,L,W-03,triggers/TransactionLineAll.trigger; classes/TransactionLineHandler.cls; triggers/TransactionAll.trigger; classes/TransactionHandler.cls; triggers/PaymentTrigger.trigger; triggers/PaymentAll.trigger; triggers/BREGPaymentTrigger.trigger; flows/TransactionConsolidatedProcessBuilder; flows/PaymentImmediateActions,Add change detection and recursion guards to Transaction/TransactionLine handlers; merge the three Payment triggers.,Verified (sample)
DCCA-042,"Trigger architecture fragmentation: 6 objects with multiple triggers, 3 frameworks plus static/inline styles, 7 bypass mechanisms, 37 triggers with no bypass, fat triggers with broken guards",P2,High,Internal,Platform/Shared; Payments/Transactions,Automation,XL,A-03; A-04; A-06; W-08; W-15,triggers/*.trigger; classes/TriggerFactory.cls; classes/BREGBaseTriggerHandler.cls; classes/SObjectDomainTriggerHandler.cls; triggers/EarnedCETrigger.trigger; triggers/DraftApplicationTrigger.trigger; triggers/CollectionsAllocationTrigger.trigger; triggers/StatusHistoryTrigger.trigger,"Adopt one trigger framework with one trigger per object and a unified bypass; start with Payment, Transaction, TransactionLine, Account, Case.",Verified (sample)
DCCA-043,"Over-automated core objects with undefined order: Application (1 trigger, 15 after-save flows, 4 PBs), Case (2 triggers, 24 flows), License, Payment; 28 after-save flows update their own record",P2,High,Internal,PVL/Licensing; Cases/Complaints,Automation,XL,W-04; W-11; W-20,flows/ApplicationProcesses; flows/LicenseImmediateActions; flows/Exams_Required_Validation; flows/DO_Referral_Case_Close_Case_Status; workflows/Exam__c.workflow-meta.xml; workflows/Investigation__c.workflow-meta.xml,Consolidate record-triggered flows per object with explicit trigger order; move same-record updates to before-save.,Not spot-checked
DCCA-044,"Batch jobs, @future and Queueables started per record from triggers; @future called from trigger context without isBatch()/isFuture() guards",P2,High,Internal,PVL/Licensing; BREG,Automation,M,W-06; W-12,classes/licenseService.cls; classes/LicenseTypeHandler.cls; classes/NotificationDomain.cls; classes/CertificateRequestService.cls; classes/BREGDocumentTriggerHandler.cls; classes/BREGTransactionLineTriggerHandler.cls; classes/ApplicationService.cls; classes/BREGCaseStatusHandlerBase.cls,Collect IDs and enqueue one async job per transaction; replace unguarded @future with guarded Queueables.,Not spot-checked
DCCA-045,"DML, SOQL, subflows and email actions inside flow loops (21 loops in 14 active flows); scheduled bounceback flow fails at ~75 bounced emails a day",P2,High,Internal,PVL/Licensing; BREG,Automation,M,W-07; W-22,flows/Express_Change_Broker_Email_Bouncebacks; flows/Application_Public_Accountancy_Renewal; flows/Application_Pharamcy_Renewal; flows/AccountUploadBatchTransactions; flows/BREG_Notification_Sending; flows/CATV_Auto_Close_Draft_Request,Bulkify the 14 flows with in-loop DML/SOQL/email; convert the bounceback flow to a record-based scheduled path.,Not spot-checked
DCCA-046,"Silent failures: 577 of 609 flow DML/action elements lack fault paths (including Oracle GL and DocuSign screen flows); 39 batches with empty finish(), no BatchApexErrorEvent handling, 49 schedulers untraceable in source",P2,Medium,Internal,Platform/Shared; Payments/Transactions,Automation,M,W-10; W-14,flows/Reconciliation_Batch_Push_to_Oracle_GL; flows/Generate_Payment_Adjustment; flows/BREG_Document_Upload_Screen_Flow; classes/PaymentAllocateTransactionLinesBatch.cls; classes/ForfeitureLicense.cls,Add fault paths to payment/integration flows first; add BatchApexErrorEvent logging; record schedules in CMT.,Not spot-checked
DCCA-047,"Payment batches self-schedule every 5 minutes (24 cron slots, 576 starts/day) with no overlap protection",P2,Medium,Internal,Payments/Transactions,Automation,M,W-13,classes/PaymentXBatch.cls; classes/PaymentAllocateTransactionLinesBatch.cls; classes/DepositRollupsBatch.cls,Add an overlap guard to payment batches and consolidate their 24 cron jobs.,Not spot-checked
DCCA-048,Flow version state disagrees with flowDefinitions (a Draft subflow called by an active PB); active 'Testing: Email Functions' flow emails staff; 33 Draft/Obsolete flows in source,P2,Medium,Internal,Cases/Complaints; PVL/Licensing,Automation,S,W-16,flows/SEBCaseContact_UpdateName; flows/Testing_Email_Functions; flowDefinitions/,"Reconcile flow versions with the org, remove obsolete flows, deactivate Testing_Email_Functions.",Not spot-checked
DCCA-049,"Authenticated Apex REST resources lack server-side authorisation: forged 'public' BREG documents, any-document download, IVR status check brute-forceable by SSN last-4",P2,Medium,Authenticated external,BREG; PVL/Licensing,Security,M,S-20,classes/BREGExternalAPIUploadDocument.cls; classes/BREGExternalAPIGetDocument.cls; classes/BREGExternalAPIUploadScannedDocument.cls; classes/PVLApplicationStatusCheckResource.cls; classes/LicenseSearchREST.cls; classes/PVL_EncodingService.cls,Enforce publish permission and record access in BREG REST APIs; throttle the IVR status check.,Not spot-checked
DCCA-050,"Three separate DocuSign CLM/SpringCM client stacks (one at API v31), with a hard-coded UAT endpoint called from a production batch",P2,High,Internal,Integrations CLM/DocuSign,Architecture,L,A-09,classes/SpringCMConnector.cls; classes/SpringCMApiManager.cls; classes/SpringCMService.cls; classes/DocuSignAPI.cls; classes/PVL_ListBuilderFileDeletionBatchJob.cls; pages/SpringCM_EOS*.page,Remove hard-coded UAT endpoints now; consolidate on one Named-Credential CLM client.,Verified (sample)
DCCA-051,God classes and oversized `without sharing` portal controllers; Domain/Service/Selector layering exists only in PVL,P2,High,Internal,BREG; Payments/Transactions; Platform/Shared,Architecture,XL,A-07; A-08,classes/BREGCaseStatusHandlerBase.cls; classes/BREGBusinessDetailsController.cls; classes/BREGPaymentController.cls; classes/BREGUtils.cls; classes/GenericCreatePaymentCtrl.cls; classes/BREGSearchAndBuyController.cls,Split BREGPaymentController and BREGBusinessDetailsController into selector/domain/facade layers; introduce BREG selectors.,Not spot-checked
DCCA-052,"Dead code and test scaffolding deployed to production (active no-op trigger, commented-out classes, ~28 unreferenced classes, prod mocks, a helper that updates any Account)",P2,Medium,Internal,Platform/Shared,Architecture,S,A-15; A-18; F-25; T-14,triggers/StatusHistoryTrigger.trigger; classes/AgeDaysSumCalculator.cls; classes/LicenseClassificationDeactivator.cls; classes/SpringCMApiManagerMock.cls; classes/BREGAnnualRobotTestHelper.cls; classes/BREGBatchInterfaceExtTest.cls; classes/ApplicationGenerateLicense.cls; aura/DocusignLightningTest; staticresources/CustomTemplate,Delete dead classes/trigger after an org-usage check; move test helpers to @isTest.,Not spot-checked
DCCA-053,"Thin bulk, permission and negative-path testing: ~8 of 61 triggers ever see 200+ records; runAs in 7% of test classes; async not wrapped in start/stopTest",P2,High,Internal,Platform/Shared; Payments/Transactions,Testing,M,T-07; T-11; T-12,classes/PaymentAllHandlerTest.cls; classes/BREGCaseControllerWithoutSharingTest.cls; classes/GeneratePostCardBatchTest.cls,"Add 201-record trigger tests, guest/community runAs tests, and start/stopTest around async.",Not spot-checked
DCCA-054,No LWC Jest tests (0 of 232 components); pre-commit hook passes with --passWithNoTests,P2,High,Internal,BREG; CATV; Platform/Shared,Testing,L,F-12; T-08,package.json; jest.config.js; lwc/utils; lwc/breg_Shopping_Cart; lwc/breg_CheckoutPage; lwc/breg_BaseFormComponent,Add Jest tests for payment/checkout and form-engine LWCs; remove --passWithNoTests.,Not spot-checked
DCCA-055,"Production entry points with no test path (41 classes) or no direct test (210 classes), including flow Invocables, batches and payment controllers",P2,High,Internal,PVL/Licensing; Payments/Transactions,Testing,M,T-06,classes/PVL_ListBuilderFileGenerationBatchJob.cls; classes/PaymentDisplayController.cls; classes/Franchise_CheckoutController.cls; classes/InvocableSpringCMDocGen.cls; classes/LicenseCreateRecords.cls; classes/DraftApplicationService.cls,"Write tests for untested Invocables, batches and payment controllers; delete unused ones.",Not spot-checked
DCCA-056,CATV uploads advertise 25 MB but send base64 through an Apex parameter (fails above ~3 MB); PDF type check is client-only,P2,Medium,Authenticated external,CATV,Front End,S,F-19,lwc/catv_provider_tabs; lwc/catv_requestor_tabs; classes/CATV_DashboardController.cls,Switch CATV uploads to lightning-file-upload with server-side PDF validation.,Not spot-checked
DCCA-057,"BREG and PVL share Transaction, TransactionLine, Payment, Account and Case with no ownership boundary; label-based record-type lookups",P3,Medium,Internal,Payments/Transactions; BREG,Architecture,L,A-12,objects/Transaction__c/fields; objects/TransactionLine__c/fields; classes/NewTransaction.cls; classes/CreateTransaction.cls; classes/AccountService.cls; classes/AccountDomain.cls,Assign a single owner and service interface for the payment/transaction model; switch to DeveloperName record-type lookups.,Not spot-checked
DCCA-058,"Duplicated cross-cutting utilities (8 logging stores, 5 lookup controllers, 3 constants classes, 5 email senders, 4 batch-config stores) and three domain/unit-of-work layers including 21k LOC of vendored fflib",P3,Medium,Internal,Platform/Shared; Digital Forms sc_,Architecture,L,A-11; A-13,classes/CustomLogger.cls; classes/LookUpController.cls; classes/sc_LookupController.cls; classes/SObjectDomain.cls; classes/fflib_*; classes/fflibe_Application.cls; classes/BarberingCosmetologyRenewal.cls,"Consolidate logging, lookup, email and constants into one platform-services layer; choose one domain layer.",Not spot-checked
DCCA-059,"Profile-centric access model with clone sprawl (78 custom profiles, 'Limited Admin' identical to Admin), duplicate/empty permission sets, person-specific sharing rules, little Custom Permission use in Apex",P3,Medium,Internal,Platform/Shared,Access Control,XL,P-22; P-24; P-28; P-29; P-30,profiles/; permissionsets/Complaints_*; sharingRules/FileDetails__c; sharingRules/Filing__c; sharingRules/Transaction__c; customPermissions/,Migrate to minimum profiles plus permission set groups; merge clone profiles and duplicate permission sets.,Not spot-checked
DCCA-060,"Wide API version spread (v31-v66): SpringCM SDK at v31, money-path triggers at v39-43, 55 active flows at API <= 50, 91 Aura bundles at v46 or lower",P3,Medium,Internal,Platform/Shared,Architecture,L,A-16; F-22; W-18,classes/SpringCM*.cls; triggers/TransactionAll.trigger; triggers/TransactionLineAll.trigger; triggers/PaymentAll.trigger; pages/SpringCM_EOS*.page; aura/CustomRecordCreateField,Raise API versions below v50 during planned refactors.,Not spot-checked
DCCA-061,"Front-end duplication and chatty patterns: 13% duplicated lines, 11 lookups, 10 modals, 10 uploaders, cart logic in 14 LWCs, Apex calls in loops, legacy idioms, style injection into base components",P3,Medium,Internal,BREG; CATV,Front End,L,F-15; F-18; F-23; F-26,lwc/catv_provider_tabs; lwc/catv_requestor_tabs; aura/CreateTransaction; aura/breg_CreateTransaction; lwc/generatePicklistOptions; lwc/breg_SearchAndBuy,Create shared cart/lookup/modal/upload components and merge duplicate CATV and transaction components.,Not spot-checked
DCCA-062,"Test flakiness and hygiene: dependence on org users/profiles/data, self-skipping tests, SeeAllData, fragmented factories, deprecated testMethod, commented asserts",P3,Medium,Internal,Platform/Shared,Testing,L,T-10; T-13; T-16; T-18,classes/RealEstateRenewalBatchTest.cls; classes/BREGCaseStatusHandlerBaseTest.cls; classes/TestDataFactory.cls; classes/BREGTestDataFactory.cls; classes/ManagedContentControllerTest.cls,"Consolidate test factories, remove org-data dependencies and SeeAllData, modernise test syntax.",Not spot-checked
DCCA-063,"10 flows run in SystemModeWithoutSharing (8 screen flows, 2 autolaunched)",P3,Low,Internal,Cases/Complaints; BREG,Automation,S,W-19,flows/BREG_Create_Child_Case; flows/BREG_Manual_Filing; flows/License_Certificate_Request; flows/ApplicationRenewalDependencyCheck,Confirm where system-mode flows are used; switch to default mode where possible.,Not spot-checked
DCCA-064,Naming inconsistencies and near-duplicate class names (Transaction_Handler vs TransactionHandler on the same trigger),P3,Low,Internal,Platform/Shared,Architecture,S,A-17,classes/Transaction_Handler.cls; classes/TransactionHandler.cls; classes/licenseService.cls,Publish a naming convention and apply during refactors.,Not spot-checked
DCCA-065,User-facing strings hard-coded instead of Custom Labels (about 60 of 232 LWCs use labels),P3,Low,Guest / public,BREG,Front End,M,F-24,lwc/breg_PaymentConfirmation; lwc/catv_header; lwc/makePaymenttoMultipleFilings,Move user-facing strings to Custom Labels using the existing labels.js pattern.,Not spot-checked
DCCA-066,MD5 used for change-detection hashes,P3,Low,Internal,BREG; Integrations CLM/DocuSign,Security,S,S-28,classes/BREGUtils.cls; classes/DocuSignAPI.cls,Replace MD5 with SHA-256.,Not spot-checked